<?xml version="1.0" encoding="iso-8859-1"?>
<!-- generator="Movable Type/2.63" -->
<rss version="0.91">
  <channel>
    <title>Kate&apos;s Page</title>
    <link>http://www.lakemonsterculture.com/kate/</link>
    <description>My Watson Fellowship 2003-2004</description>
    <language>en-us</language>
    <webMaster></webMaster>
    <pubDate>Tue, 08 Jul 2003 16:23:29 -0500</pubDate>
    <item>
      <title>II.</title>
      <link>http://www.lakemonsterculture.com/kate/archives/000868.html</link>
      <description>Further Illuminated: The Buddhist and Christian illuminated manuscript tradition: Greece, Russia, India, Tibet During our period at the abbey his hands were always covered with the dust of books, the gold of still-fresh illumination, or with yellowish substances he touched...</description>
    </item>
    <item>
      <title>I.</title>
      <link>http://www.lakemonsterculture.com/kate/archives/000867.html</link>
      <description>Further Illuminated: The Buddhist and Christian illuminated manuscript tradition: Greece, Russia, India, Tibet I propose a year abroad devoted to the study (including learning the production techniques) of illuminated manuscripts of the Christian and Buddhist traditions in Greece, Russia, India,...</description>
    </item>
    <item>
      <title>i.</title>
      <link>http://www.lakemonsterculture.com/kate/archives/000839.html</link>
      <description>Albatross Snake Pig Cow Moo Albatross Snake Pig Cow Moo Albatross Snake Pig Cow Moo Albatross Snake Pig Cow Moo Albatross Snake Pig Cow Moo Albatross Snake Pig Cow Moo Albatross Snake Pig Cow Moo Albatross Snake Pig Cow Moo...</description>
    </item>

  </channel>
</rss>