<?xml version="1.0"?> 
<rsd version="1.0" xmlns="http://archipelago.phrasewise.com/rsd">
  <service>
    <engineName>Movable Type 2.63</engineName> 
    <engineLink>http://www.movabletype.org/</engineLink>
    <homePageLink>http://www.lakemonsterculture.com/kate/</homePageLink>
    <apis>
      <api name="MetaWeblog" preferred="true" apiLink="http://www.lakemonsterculture.com/cgi-bin/mt-xmlrpc.cgi" blogID="5" />
      <api name="Blogger" preferred="false" apiLink="http://www.lakemonsterculture.com/cgi-bin/mt-xmlrpc.cgi" blogID="5" />
    </apis>
  </service>
</rsd>