<?xml version="1.0"?>
<?xml-stylesheet href="changelog.xsl" type="text/xsl" ?>
<log>
<logentry
   revision="261">
<author>transami</author>
<date>2008-02-01T21:14:24.501344Z</date>
<msg>Update test scripts to reflect move to test/.
</msg>
</logentry>
<logentry
   revision="260">
<author>transami</author>
<date>2008-02-01T20:56:58.894977Z</date>
<msg>Moves tests/ to test/ which is more conventional.
</msg>
</logentry>
<logentry
   revision="259">
<author>transami</author>
<date>2008-02-01T20:55:23.367569Z</date>
<msg>Update config file.
</msg>
</logentry>
<logentry
   revision="258">
<author>transami</author>
<date>2008-02-01T20:51:57.250130Z</date>
<msg>Moved changelog.xml and changelog.xsl to doc/log/.
</msg>
</logentry>
<logentry
   revision="257">
<author>transami</author>
<date>2008-02-01T20:51:14.786912Z</date>
<msg>Added doc/log for xml-based changelog and notes.
</msg>
</logentry>
<logentry
   revision="256">
<author>transami</author>
<date>2008-01-31T13:09:55.716965Z</date>
<msg>Minor update to a task description in Rakefile.
</msg>
</logentry>
<logentry
   revision="255">
<author>transami</author>
<date>2008-01-31T04:22:13.717493Z</date>
<msg>Added memory test task.
</msg>
</logentry>
<logentry
   revision="254">
<author>transami</author>
<date>2008-01-31T04:07:23.904143Z</date>
<msg>Added work dir for "scrap" material. Modified Rakefile.
</msg>
</logentry>
<logentry
   revision="253">
<author>transami</author>
<date>2008-01-30T22:43:18.490381Z</date>
<msg>Fixed adding lib/ to $LOAD_PATH.
</msg>
</logentry>
<logentry
   revision="252">
<author>transami</author>
<date>2008-01-22T18:16:15.788965Z</date>
<msg>Small fixes to task/make and task/test.
</msg>
</logentry>
<logentry
   revision="251">
<author>transami</author>
<date>2008-01-22T18:12:00.856153Z</date>
<msg>Changed all requires for 'libxml_test.rb' to 'libxml'.
</msg>
</logentry>
<logentry
   revision="250">
<author>transami</author>
<date>2008-01-22T18:01:12.918663Z</date>
<msg>Removed runner code from tests/. It is now in task/test.
</msg>
</logentry>
<logentry
   revision="249">
<author>transami</author>
<date>2008-01-22T17:41:03.219364Z</date>
<msg>Renamed compile to make.
</msg>
</logentry>
<logentry
   revision="248">
<author>transami</author>
<date>2008-01-22T17:40:40.704832Z</date>
<msg>Convert task/compile to pure ruby.
</msg>
</logentry>
<logentry
   revision="247">
<author>transami</author>
<date>2008-01-22T17:35:02.641804Z</date>
<msg>Moved svn task to admin.
</msg>
</logentry>
<logentry
   revision="246">
<author>transami</author>
<date>2008-01-22T17:33:53.833641Z</date>
<msg>Moved admin tasks to admin directory.
</msg>
</logentry>
<logentry
   revision="245">
<author>transami</author>
<date>2008-01-22T17:32:26.793056Z</date>
<msg>Added admin/ directory.
</msg>
</logentry>
<logentry
   revision="244">
<author>transami</author>
<date>2008-01-22T17:30:42.415296Z</date>
<msg>Remove task/tests.
</msg>
</logentry>
<logentry
   revision="243">
<author>transami</author>
<date>2008-01-22T17:30:05.478561Z</date>
<msg>Converted test task to pure ruby.
</msg>
</logentry>
<logentry
   revision="242">
<author>transami</author>
<date>2007-12-23T04:11:28.706386Z</date>
<msg>Added distclean task.
</msg>
</logentry>
<logentry
   revision="241">
<author>transami</author>
<date>2007-12-23T04:10:48.910408Z</date>
<msg>Added svn tasks and metadata.
</msg>
</logentry>
<logentry
   revision="240">
<author>transami</author>
<date>2007-12-15T11:37:40.069746Z</date>
<msg>Added svn/log task and backward compatability require (xml/libxml.rb).
</msg>
</logentry>
<logentry
   revision="239">
<author>transami</author>
<date>2007-12-15T11:34:25.377811Z</date>
<msg>Added doc/changelog.xsl.
</msg>
</logentry>
<logentry
   revision="238">
<author>transami</author>
<date>2007-12-15T11:31:59.660804Z</date>
<msg>Moved TODO up a directory level and updated meta/project.yaml.
</msg>
</logentry>
<logentry
   revision="237">
<author>transami</author>
<date>2007-12-15T11:15:48.589695Z</date>
<msg>Moved task/config.yaml to meta/config.yaml as required by Ratch 0.4.0.
</msg>
</logentry>
<logentry
   revision="236">
<author>transami</author>
<date>2007-12-15T11:14:35.082137Z</date>
<msg>Added packaging tasks.
</msg>
</logentry>
<logentry
   revision="235">
<author>danj</author>
<date>2007-12-11T20:28:30.392939Z</date>
<msg>fix XML_TEXT_NODE add handling when libxml merges nodes</msg>
</logentry>
<logentry
   revision="234">
<author>transami</author>
<date>2007-12-10T20:31:40.790542Z</date>
<msg>Added lib/xml/libxml.rb for backward compatibility.
</msg>
</logentry>
<logentry
   revision="233">
<author>transami</author>
<date>2007-12-10T20:19:17.829180Z</date>
<msg>Moved ext/libxml/libxml.rb to lib/.
</msg>
</logentry>
<logentry
   revision="232">
<author>transami</author>
<date>2007-12-10T20:15:26.614974Z</date>
<msg>Removed compile prerequisite from test task for now.
</msg>
</logentry>
<logentry
   revision="231">
<author>transami</author>
<date>2007-12-10T20:14:10.257135Z</date>
<msg>Fixed extensions attribute inf project.yaml.
</msg>
</logentry>
<logentry
   revision="230">
<author>transami</author>
<date>2007-12-10T20:08:21.546856Z</date>
<msg>Added setup task.
</msg>
</logentry>
<logentry
   revision="229">
<author>transami</author>
<date>2007-12-10T20:05:40.313014Z</date>
<msg>Fixed tasks to "main".
</msg>
</logentry>
<logentry
   revision="228">
<author>transami</author>
<date>2007-12-07T22:29:00.839378Z</date>
<msg>Added test and compile tasks.
</msg>
</logentry>
<logentry
   revision="227">
<author>transami</author>
<date>2007-12-07T22:27:17.374712Z</date>
<msg>Added version.h.
</msg>
</logentry>
<logentry
   revision="226">
<author>transami</author>
<date>2007-12-07T22:26:42.837169Z</date>
<msg>Moved header verison.
</msg>
</logentry>
<logentry
   revision="225">
<author>transami</author>
<date>2007-12-07T04:58:09.846535Z</date>
<msg>Moved ext/xml to ext/libxml.
</msg>
</logentry>
<logentry
   revision="224">
<author>transami</author>
<date>2007-12-05T01:32:20.805608Z</date>
<msg>Added meta dir and project.yaml file.
</msg>
</logentry>
<logentry
   revision="223">
<author>transami</author>
<date>2007-12-05T01:10:38.404486Z</date>
<msg>Added doc/.rsync-filter and .htaccess
</msg>
</logentry>
<logentry
   revision="222">
<author>transami</author>
<date>2007-12-05T01:06:26.781159Z</date>
<msg>Added some tasks.
</msg>
</logentry>
<logentry
   revision="221">
<author>danj</author>
<date>2007-12-03T18:14:52.560018Z</date>
<msg>raise if parser string set to empty</msg>
</logentry>
<logentry
   revision="220">
<author>danj</author>
<date>2007-11-27T16:04:11.409274Z</date>
<msg>fix transposed ruby method mapping</msg>
</logentry>
<logentry
   revision="219">
<author>danj</author>
<date>2007-11-27T15:47:30.944390Z</date>
<msg>apply patch to fix multiple namespaces for .find (submitted by keisukefukuda at gmail.com)</msg>
</logentry>
<logentry
   revision="218">
<author>danj</author>
<date>2007-11-27T04:31:13.455806Z</date>
<msg>add docs for to_s and encoding</msg>
</logentry>
<logentry
   revision="217">
<author>danj</author>
<date>2007-11-27T04:23:09.933493Z</date>
<msg>take a step in the right direction with document encoding</msg>
</logentry>
<logentry
   revision="216">
<author>danj</author>
<date>2007-11-27T02:34:16.567976Z</date>
<msg>fix variable reference in ruby_xml_parser_default_load_external_dtd_get</msg>
</logentry>
<logentry
   revision="215">
<author>transami</author>
<date>2007-11-21T04:03:36.853240Z</date>
<msg>Added project name.
</msg>
</logentry>
<logentry
   revision="214">
<author>transami</author>
<date>2007-11-21T04:00:34.021355Z</date>
<msg>Added log/history (for hand entries) and moved TODO to log/ too.
</msg>
</logentry>
<logentry
   revision="213">
<author>transami</author>
<date>2007-11-21T03:03:33.424350Z</date>
<msg>Added a log directory.
</msg>
</logentry>
<logentry
   revision="212">
<author>danj</author>
<date>2007-11-21T02:20:11.556121Z</date>
<msg>deal with different .find return types, rev to 0.5.2.2</msg>
</logentry>
<logentry
   revision="211">
<author>danj</author>
<date>2007-11-14T09:52:57.758975Z</date>
<msg>add Node#new_text</msg>
</logentry>
<logentry
   revision="210">
<author>danj</author>
<date>2007-11-14T09:11:20.369033Z</date>
<msg>fix expand bug</msg>
</logentry>
<logentry
   revision="209">
<author>danj</author>
<date>2007-11-14T09:10:34.539051Z</date>
<msg>move rwtest to test/ets...</msg>
</logentry>
<logentry
   revision="208">
<author>danj</author>
<date>2007-11-14T08:36:41.603096Z</date>
<msg>add [] to XPath::Object and tests for it</msg>
</logentry>
<logentry
   revision="207">
<author>danj</author>
<date>2007-11-14T07:51:46.588669Z</date>
<msg>full merge from MEM2 r.194 v0.5.2.1</msg>
</logentry>
<logentry
   revision="205">
<author>transami</author>
<date>2007-10-25T18:11:13.076903Z</date>
<msg>Added task/ dir.
</msg>
</logentry>
<logentry
   revision="204">
<author>transami</author>
<date>2007-10-25T18:10:30.544460Z</date>
<msg>Further improvements on website.
</msg>
</logentry>
<logentry
   revision="203">
<author>transami</author>
<date>2007-10-25T17:50:39.143575Z</date>
<msg>Removed doc/web.
</msg>
</logentry>
<logentry
   revision="202">
<author>transami</author>
<date>2007-10-25T17:49:48.112911Z</date>
<msg>Moved doc/web files up one level.
</msg>
</logentry>
<logentry
   revision="201">
<author>transami</author>
<date>2007-10-20T08:46:34.739064Z</date>
<msg>moved raze to web
</msg>
</logentry>
<logentry
   revision="200">
<author>transami</author>
<date>2007-10-20T08:43:40.090838Z</date>
<msg>added image
</msg>
</logentry>
<logentry
   revision="199">
<author>transami</author>
<date>2007-10-20T08:42:07.187472Z</date>
<msg>converted site to xml/xslt
</msg>
</logentry>
<logentry
   revision="198">
<author>transami</author>
<date>2007-10-20T08:40:56.059561Z</date>
<msg>updated stylesheet
</msg>
</logentry>
<logentry
   revision="197">
<author>transami</author>
<date>2007-10-20T07:39:37.079389Z</date>
<msg>removed pages
</msg>
</logentry>
<logentry
   revision="196">
<author>transami</author>
<date>2007-10-20T07:38:25.605974Z</date>
<msg>removed pages
</msg>
</logentry>
<logentry
   revision="195">
<author>transami</author>
<date>2007-10-20T07:37:37.406559Z</date>
<msg>these are about to be deleted
</msg>
</logentry>
<logentry
   revision="162">
<author>transami</author>
<date>2007-08-30T22:08:59.593789Z</date>
<msg>remove .cvsignore
</msg>
</logentry>
<logentry
   revision="161">
<author>transami</author>
<date>2007-08-30T21:50:47.414263Z</date>
<msg>moved www/ to doc/
</msg>
</logentry>
<logentry
   revision="160">
<author>transami</author>
<date>2007-08-30T21:49:30.258911Z</date>
<msg>removed www/Rakefile (not using Rote any longer)
</msg>
</logentry>
<logentry
   revision="159">
<author>transami</author>
<date>2007-08-30T21:43:39.704322Z</date>
<msg>moved www/doc to www/raze
</msg>
</logentry>
<logentry
   revision="158">
<author>transami</author>
<date>2007-08-30T21:42:03.640867Z</date>
<msg>removed rote logo
</msg>
</logentry>
<logentry
   revision="157">
<author>transami</author>
<date>2007-08-30T21:41:40.377083Z</date>
<msg>added raze logo
</msg>
</logentry>
<logentry
   revision="156">
<author>transami</author>
<date>2007-08-30T21:22:34.123232Z</date>
<msg>updated icon
</msg>
</logentry>
<logentry
   revision="155">
<author>transami</author>
<date>2007-08-30T21:07:47.744095Z</date>
<msg>added icon
</msg>
</logentry>
<logentry
   revision="154">
<author>transami</author>
<date>2007-08-30T21:00:40.243033Z</date>
<msg>website work
</msg>
</logentry>
<logentry
   revision="153">
<author>transami</author>
<date>2007-08-30T18:58:59.480483Z</date>
<msg>moved stylesheets to styles
</msg>
</logentry>
<logentry
   revision="150">
<author>transami</author>
<date>2007-08-30T03:55:44.910869Z</date>
<msg>remove CVSROOT from trunk
</msg>
</logentry>
<logentry
   revision="149">
<author>transami</author>
<date>2007-08-30T03:55:15.348059Z</date>
<msg>continued work on website
</msg>
</logentry>
<logentry
   revision="148">
<author>transami</author>
<date>2007-08-29T22:35:28.999160Z</date>
<msg>removed res dir
</msg>
</logentry>
<logentry
   revision="147">
<author>transami</author>
<date>2007-08-29T22:34:39.881610Z</date>
<msg>continued work on converting website
</msg>
</logentry>
<logentry
   revision="146">
<author>transami</author>
<date>2007-08-29T22:29:17.391979Z</date>
<msg>converting website from rote to new system
</msg>
</logentry>
<logentry
   revision="145">
<author>transami</author>
<date>2007-08-29T21:52:31.434540Z</date>
<msg>removed libxslt (now in libxsl project)
</msg>
</logentry>
<logentry
   revision="144">
<author>transami</author>
<date>2007-08-29T21:48:46.402082Z</date>
<msg>removed libxml subdir
</msg>
</logentry>
<logentry
   revision="143">
<author>transami</author>
<date>2007-08-29T21:45:48.353029Z</date>
<msg>moved trunk/libxml/* to trunk/*
</msg>
</logentry>
<logentry
   revision="133">
<author>lrz</author>
<date>2007-01-14T21:47:59.000000Z</date>
<msg>===== 14.1.2007 Laurent Sansonetti &lt;lrz at chopine.be&gt;
* Added some preliminary RDoc comments for XML::Reader.
</msg>
</logentry>
<logentry
   revision="132">
<author>roscopeco</author>
<date>2006-12-23T18:14:55.000000Z</date>
<msg>Replaced RSTRING(str)-&gt;len with RSTRING_LEN(str) for future compatibility
</msg>
</logentry>
<logentry
   revision="131">
<author>roscopeco</author>
<date>2006-12-05T12:03:12.000000Z</date>
<msg>Improved compatibility with MS Visual C:
  * Replace void* increment and decrement with char* arithmetic.
  * Predeclare all locals
  * Removed -Wall (Win32 platform sdk emits *lots* of warnings)
  * Fixed extconf for win32 libxml2 and dependencies from http://www.zlatkovic.com/pub/libxml/
</msg>
</logentry>
<logentry
   revision="130">
<author>roscopeco</author>
<date>2006-12-05T11:56:30.000000Z</date>
<msg>removed object file committed by mistake
</msg>
</logentry>
<logentry
   revision="129">
<author>lrz</author>
<date>2006-12-04T23:40:08.000000Z</date>
<msg>===== 5.12.2006 Laurent Sansonetti &lt;lrz at chopine.be&gt;
* Added XML::Reader, a set of bindings to the xmlTextReader API.
</msg>
</logentry>
<logentry
   revision="128">
<author>roscopeco</author>
<date>2006-12-02T11:06:28.000000Z</date>
<msg>Merged release task fix from 0.3.8.4
</msg>
</logentry>
<logentry
   revision="124">
<author>roscopeco</author>
<date>2006-11-30T17:29:04.000000Z</date>
<msg>Restore default config after tests to prevent wierd failures in other tests
</msg>
</logentry>
<logentry
   revision="123">
<author>roscopeco</author>
<date>2006-11-27T10:41:14.000000Z</date>
<msg>Merged from 0.3.8.3:
* Fixed a segfault on node.properties with empty props list (patch from Michael Koziarski)
* Fixed version macros and release version handling
</msg>
</logentry>
<logentry
   revision="120">
<author>roscopeco</author>
<date>2006-11-26T12:57:56.000000Z</date>
<msg>Merged contributed patches #6604, #6839, #6871
Slight fix to sax error formatting patch
</msg>
</logentry>
<logentry
   revision="116">
<author>roscopeco</author>
<date>2006-11-22T14:20:33.000000Z</date>
<msg>Fixed non-inclusion of Enumerable on Node::Set
</msg>
</logentry>
<logentry
   revision="113">
<author>roscopeco</author>
<date>2006-11-22T12:41:56.000000Z</date>
<msg>Fixed parsing with errors bug
</msg>
</logentry>
<logentry
   revision="111">
<author>roscopeco</author>
<date>2006-11-20T01:39:14.000000Z</date>
<msg>Merged non-backward-compatible DEV_0_4 changes:

* Implemented new HTMLParser interface
* Implemented new (faster) SAX callback strategy
</msg>
</logentry>
<logentry
   revision="107">
<author>roscopeco</author>
<date>2006-11-20T01:22:08.000000Z</date>
<msg>Merged backward-compatible fixes down from DEV_0_4:

* Tested fix of bug #4635
* Reimplemented attribute memory handling
* Fixed attribute list traversal (bug #4719)
* Integrated Luc Van Deuren's cdata/comment node patch
* Fixed test-naming bugs
* Fixed doc build bug
* Reimplemented XML::Node memory management
* Reimplemented node copy handling
* Fixed parser error handler proc early GC bug
* include stdarg.h on ruby_xml_document
</msg>
</logentry>
<logentry
   revision="106">
<author>roscopeco</author>
<date>2006-11-04T10:04:27.000000Z</date>
<msg>Merged stdarg fix
</msg>
</logentry>
<logentry
   revision="96">
<author>roscopeco</author>
<date>2006-10-29T19:42:45.000000Z</date>
<msg>Remove nodoc from libxml.rb
</msg>
</logentry>
<logentry
   revision="93">
<author>roscopeco</author>
<date>2006-10-29T13:39:14.000000Z</date>
<msg>Added benchmarks
Updated project status
</msg>
</logentry>
<logentry
   revision="88">
<author>roscopeco</author>
<date>2006-10-20T12:31:19.000000Z</date>
<msg>Fixed up new packaging to play nice with 'rake install'
</msg>
</logentry>
<logentry
   revision="87">
<author>roscopeco</author>
<date>2006-10-20T10:41:45.000000Z</date>
<msg>Applied gem-build patch from Masashi Shimbo. See:
http://rubyforge.org/pipermail/libxml-devel/2006-August/000205.html
</msg>
</logentry>
<logentry
   revision="86">
<author>roscopeco</author>
<date>2006-10-20T10:39:42.000000Z</date>
<msg>Another failing test :(
</msg>
</logentry>
<logentry
   revision="85">
<author>roscopeco</author>
<date>2006-10-20T10:39:21.000000Z</date>
<msg>Removed debugging printouts
</msg>
</logentry>
<logentry
   revision="84">
<author>roscopeco</author>
<date>2006-08-15T13:53:45.000000Z</date>
<msg>Fixed nodelist handling

Patches from Stephen Veit:
Fixed for windows/visual C compliance
Fixed extconf build for Windows

(bug 5022, http://rubyforge.org/tracker/index.php?func=detail&amp;aid=5022&amp;group_id=494&amp;atid=1971)
</msg>
</logentry>
<logentry
   revision="83">
<author>roscopeco</author>
<date>2006-08-15T13:49:53.000000Z</date>
<msg>Fixed typo in reading example
See: http://rubyforge.org/pipermail/libxml-devel/2006-June/000181.html
</msg>
</logentry>
<logentry
   revision="82">
<author>roscopeco</author>
<date>2006-05-31T18:22:39.000000Z</date>
<msg>Bugfix: gc_mark both filename and str
</msg>
</logentry>
<logentry
   revision="81">
<author>roscopeco</author>
<date>2006-05-31T17:26:43.000000Z</date>
<msg>Fixed a typo bug
</msg>
</logentry>
<logentry
   revision="80">
<author>roscopeco</author>
<date>2006-05-28T14:06:14.000000Z</date>
<msg>Allow Node#[] and Node#[]= to handle symbol keys (See http://rubyforge.org/pipermail/libxml-devel/2006-May/000135.html)
</msg>
</logentry>
<logentry
   revision="79">
<author>roscopeco</author>
<date>2006-05-28T13:29:42.000000Z</date>
<msg>Applied previous node fix (See bug #4497)
</msg>
</logentry>
<logentry
   revision="78">
<author>roscopeco</author>
<date>2006-05-10T18:03:57.000000Z</date>
<msg>Implemented Node#next= and Node#prev=
</msg>
</logentry>
<logentry
   revision="77">
<author>roscopeco</author>
<date>2006-05-10T18:02:51.000000Z</date>
<msg>Fixed incorrect class name
</msg>
</logentry>
<logentry
   revision="76">
<author>roscopeco</author>
<date>2006-05-01T16:42:29.000000Z</date>
<msg>Removed a duplicate definition (and corresponding warning)
</msg>
</logentry>
<logentry
   revision="75">
<author>roscopeco</author>
<date>2006-05-01T16:39:52.000000Z</date>
<msg>dev 0.3.9
</msg>
</logentry>
<logentry
   revision="73">
<author>roscopeco</author>
<date>2006-04-24T19:40:42.000000Z</date>
<msg>release 0.3.8
</msg>
</logentry>
<logentry
   revision="72">
<author>roscopeco</author>
<date>2006-04-24T19:39:36.000000Z</date>
<msg>Fixed a bug in release version update
</msg>
</logentry>
<logentry
   revision="71">
<author>roscopeco</author>
<date>2006-04-24T19:29:49.000000Z</date>
<msg>changelog/readme update for release
</msg>
</logentry>
<logentry
   revision="70">
<author>roscopeco</author>
<date>2006-04-24T19:17:56.000000Z</date>
<msg>Fixed tarball installation to site_ruby (added libxml.rb to install)
</msg>
</logentry>
<logentry
   revision="69">
<author>roscopeco</author>
<date>2006-04-24T18:29:19.000000Z</date>
<msg>Check compiler supports -Wall before using it
</msg>
</logentry>
<logentry
   revision="68">
<author>roscopeco</author>
<date>2006-04-24T18:26:54.000000Z</date>
<msg>Fixed rake testrunner bug
</msg>
</logentry>
<logentry
   revision="67">
<author>roscopeco</author>
<date>2006-04-17T13:30:22.000000Z</date>
<msg>Switched .so to libxml_so and introduced libxml.rb to allow easier API prototype / update
Fixed testcases for new require setup (use $LOADPATH rather than filename require)
</msg>
</logentry>
<logentry
   revision="66">
<author>roscopeco</author>
<date>2006-04-17T12:02:09.000000Z</date>
<msg>Fixed rdoc build in gems
</msg>
</logentry>
<logentry
   revision="65">
<author>roscopeco</author>
<date>2006-04-14T23:46:06.000000Z</date>
<msg>Fixed a struct initialization bug I introduced
</msg>
</logentry>
<logentry
   revision="64">
<author>roscopeco</author>
<date>2006-04-14T14:50:58.000000Z</date>
<msg>Fixed a build bug I introduced
</msg>
</logentry>
<logentry
   revision="63">
<author>roscopeco</author>
<date>2006-04-14T14:45:52.000000Z</date>
<msg>First cut of SAX callback API
</msg>
</logentry>
<logentry
   revision="62">
<author>roscopeco</author>
<date>2006-04-14T14:45:25.000000Z</date>
<msg>Include Enumerable
</msg>
</logentry>
<logentry
   revision="61">
<author>roscopeco</author>
<date>2006-04-12T16:04:09.000000Z</date>
<msg>Typos
</msg>
</logentry>
<logentry
   revision="60">
<author>roscopeco</author>
<date>2006-04-12T16:01:11.000000Z</date>
<msg>Extended documentation
Restyled things a little bit
Removed standard Rote readme
</msg>
</logentry>
<logentry
   revision="59">
<author>roscopeco</author>
<date>2006-04-12T12:08:39.000000Z</date>
<msg>From Mark Van Holstyn (mvette13 AT gmail DOT com):
* Added XML::Node::Set#first
* Added XML::Node::Set#empty?
* Fixes to XML::Node::Set#to_a
* Added XML::Node#find_first
* Added XML::Node#remove!

Also:
* Tested the above
* Defined node (hash) equality in  terms of XML representation
* Added comparable nodes to TODOs and updated changelog
</msg>
</logentry>
<logentry
   revision="58">
<author>roscopeco</author>
<date>2006-04-12T10:02:46.000000Z</date>
<msg>XML::Node#content fix Tim Yamin &lt;plasmaroo AT gentoo DOT org&gt;
</msg>
</logentry>
<logentry
   revision="57">
<author>roscopeco</author>
<date>2006-04-12T10:00:39.000000Z</date>
<msg>Added rubygems require to example code
</msg>
</logentry>
<logentry
   revision="56">
<author>roscopeco</author>
<date>2006-03-27T20:49:19.000000Z</date>
<msg>Implemented &amp; tested XML::Parser.register_error_handler
Doc fixup (XML::DTD -&gt; XML::Dtd)
</msg>
</logentry>
<logentry
   revision="55">
<author>roscopeco</author>
<date>2006-03-27T20:46:48.000000Z</date>
<msg>development version roll
</msg>
</logentry>
<logentry
   revision="53">
<author>roscopeco</author>
<date>2006-03-21T22:42:21.000000Z</date>
<msg>Added RDoc
Updated gem build
Updated instructions
</msg>
</logentry>
<logentry
   revision="52">
<author>roscopeco</author>
<date>2006-03-21T22:41:30.000000Z</date>
<msg>Updated instructions
</msg>
</logentry>
<logentry
   revision="51">
<author>roscopeco</author>
<date>2006-03-09T23:13:28.000000Z</date>
<msg>Implemented better version check (Added RUBY_LIBXSLT_VER_xxx defines)
Updated release versioning in Rakefile
</msg>
</logentry>
<logentry
   revision="50">
<author>roscopeco</author>
<date>2006-03-09T23:12:12.000000Z</date>
<msg>Added RUBY_LIBXML_VER_xxx defines for libxslt checking
Updated release versioning in Rakefile
Todo update
</msg>
</logentry>
<logentry
   revision="49">
<author>roscopeco</author>
<date>2006-03-09T20:04:23.000000Z</date>
<msg>Fixed copy/paste errors in documentation
</msg>
</logentry>
<logentry
   revision="48">
<author>roscopeco</author>
<date>2006-03-09T01:45:03.000000Z</date>
<msg>Rakefile bugfix, Readme update, cvs ignorance update
</msg>
</logentry>
<logentry
   revision="43">
<author>roscopeco</author>
<date>2006-03-09T01:36:19.000000Z</date>
<msg>Initial revision
</msg>
</logentry>
<logentry
   revision="42">
<author>roscopeco</author>
<date>2006-02-28T09:57:52.000000Z</date>
<msg>* Ignored vi .swp files
* Updated Changelog
* Updated copyright years
* Removed done todos
</msg>
</logentry>
<logentry
   revision="41">
<author>roscopeco</author>
<date>2006-02-27T12:55:32.000000Z</date>
<msg>* Fixed issues with -fno-common GCC flag
* Removed OSX -fno-common workaround
* Fixed a couple of typos
</msg>
</logentry>
<logentry
   revision="40">
<author>roscopeco</author>
<date>2006-02-23T18:30:01.000000Z</date>
<msg>Release 0.3.6
</msg>
</logentry>
<logentry
   revision="39">
<author>roscopeco</author>
<date>2006-02-21T20:40:16.000000Z</date>
<msg>Rearranged source layout to suit RubyGems packaging
Removed obsolete (Rubynet) utility scripts
</msg>
</logentry>
<logentry
   revision="38">
<author>roscopeco</author>
<date>2006-02-21T10:35:25.000000Z</date>
<msg>Band-aid for OSX build probs
</msg>
</logentry>
<logentry
   revision="37">
<author>roscopeco</author>
<date>2006-02-20T11:16:15.000000Z</date>
<msg>* Fixed attribute memory handling (http://rubyforge.org/pipermail/libxml-devel/2005-December/000030.html)
* Removed a small leak in ruby_xml_node.
* Fixed parser memory_debug_enabled doc
* Updated shebang in test runner
</msg>
</logentry>
<logentry
   revision="36">
<author>roscopeco</author>
<date>2006-01-02T23:19:21.000000Z</date>
<msg>Cleaned up casts for GCC 4.0
Migrated from (obsolete) STR2CSTR to StringValuePtr
</msg>
</logentry>
<logentry
   revision="35">
<author>roscopeco</author>
<date>2006-01-02T23:18:46.000000Z</date>
<msg>Fixed Make invocation
</msg>
</logentry>
<logentry
   revision="34">
<author>roscopeco</author>
<date>2006-01-02T21:31:47.000000Z</date>
<msg>Cleaned up casts for GCC 4.0
Migrated from (obsolete) STR2CSTR to StringValuePtr
</msg>
</logentry>
<logentry
   revision="33">
<author>bshow</author>
<date>2005-12-29T19:12:38.000000Z</date>
<msg>Initial checkin
</msg>
</logentry>
<logentry
   revision="32">
<author>bshow</author>
<date>2005-12-29T19:10:52.000000Z</date>
<msg>Added "doc" to cleanfiles; added new task "pubdoc"
</msg>
</logentry>
<logentry
   revision="31">
<author>bshow</author>
<date>2005-12-29T19:10:20.000000Z</date>
<msg>Added "doc"
</msg>
</logentry>
<logentry
   revision="30">
<author>bshow</author>
<date>2005-12-29T19:00:01.000000Z</date>
<msg>Prevent RDoc from wrapping copyright notices
</msg>
</logentry>
<logentry
   revision="29">
<author>roscopeco</author>
<date>2005-12-19T20:51:39.000000Z</date>
<msg>Removed (forgotten) temporary notice for documentation set
</msg>
</logentry>
<logentry
   revision="28">
<author>roscopeco</author>
<date>2005-12-19T20:48:52.000000Z</date>
<msg>MIT license
</msg>
</logentry>
<logentry
   revision="27">
<author>roscopeco</author>
<date>2005-12-19T19:57:20.000000Z</date>
<msg>better ignorance
</msg>
</logentry>
<logentry
   revision="26">
<author>roscopeco</author>
<date>2005-12-19T19:53:07.000000Z</date>
<msg>Initial import
</msg>
</logentry>
<logentry
   revision="25">
<author>tom</author>
<date>2004-12-29T01:03:49.000000Z</date>
<msg>initial checkin</msg>
</logentry>
<logentry
   revision="24">
<author>tom</author>
<date>2003-09-04T20:58:03.000000Z</date>
<msg>Test
</msg>
</logentry>
<logentry
   revision="23">
<author>tom</author>
<date>2003-09-04T20:56:15.000000Z</date>
<msg>Test
</msg>
</logentry>
<logentry
   revision="22">
<author>gforge</author>
<date>2003-09-04T18:31:27.000000Z</date>
<msg>initial checkin
</msg>
</logentry>
<logentry
   revision="21">
<author>tcarrico</author>
<date>2003-04-25T14:22:04.000000Z</date>
<msg>Updating binary default types
</msg>
</logentry>
<logentry
   revision="20">
<author>tom</author>
<date>2003-04-24T20:14:32.000000Z</date>
<msg>initial checkin
</msg>
</logentry>
<logentry
   revision="19">
<author>tom</author>
<date>2003-04-24T19:46:12.000000Z</date>
<msg>tweak
</msg>
</logentry>
<logentry
   revision="18">
<author>tom</author>
<date>2003-04-24T19:43:45.000000Z</date>
<msg>initial checkin
</msg>
</logentry>
<logentry
   revision="17">
<author>tom</author>
<date>2003-03-05T16:47:11.000000Z</date>
<msg>*** empty log message ***
</msg>
</logentry>
<logentry
   revision="16">
<author>tom</author>
<date>2003-03-05T16:42:18.000000Z</date>
<msg>*** empty log message ***
</msg>
</logentry>
<logentry
   revision="15">
<author>tom</author>
<date>2003-02-28T19:37:09.000000Z</date>
<msg>*** empty log message ***
</msg>
</logentry>
<logentry
   revision="14">
<author>tom</author>
<date>2003-02-28T19:26:07.000000Z</date>
<msg>*** empty log message ***
</msg>
</logentry>
<logentry
   revision="13">
<author>tom</author>
<date>2003-02-28T19:10:35.000000Z</date>
<msg>*** empty log message ***
</msg>
</logentry>
<logentry
   revision="12">
<author>tom</author>
<date>2003-02-28T19:10:18.000000Z</date>
<msg>*** empty log message ***
</msg>
</logentry>
<logentry
   revision="11">
<author>tom</author>
<date>2003-02-28T19:10:11.000000Z</date>
<msg>*** empty log message ***
</msg>
</logentry>
<logentry
   revision="10">
<author>tom</author>
<date>2003-02-28T19:09:57.000000Z</date>
<msg>*** empty log message ***
</msg>
</logentry>
<logentry
   revision="9">
<author>tom</author>
<date>2003-02-28T19:06:41.000000Z</date>
<msg>*** empty log message ***
</msg>
</logentry>
<logentry
   revision="8">
<author>tom</author>
<date>2003-02-28T19:00:46.000000Z</date>
<msg>*** empty log message ***
</msg>
</logentry>
<logentry
   revision="7">
<author>tom</author>
<date>2003-02-28T19:00:06.000000Z</date>
<msg>*** empty log message ***
</msg>
</logentry>
<logentry
   revision="6">
<author>tom</author>
<date>2003-02-28T18:59:06.000000Z</date>
<msg>*** empty log message ***
</msg>
</logentry>
<logentry
   revision="5">
<author>tom</author>
<date>2003-02-28T18:24:49.000000Z</date>
<msg>*** empty log message ***
</msg>
</logentry>
<logentry
   revision="4">
<author>tom</author>
<date>2003-02-28T18:23:12.000000Z</date>
<msg>*** empty log message ***
</msg>
</logentry>
<logentry
   revision="3">
<author>tom</author>
<date>2003-02-28T18:17:45.000000Z</date>
<msg>added newline
</msg>
</logentry>
<logentry
   revision="2">
<author>tom</author>
<date>2003-02-28T18:13:00.000000Z</date>
<msg>*** empty log message ***
</msg>
</logentry>
<logentry
   revision="1">
<date>2003-02-28T18:13:00.000000Z</date>
<msg>New repository initialized by cvs2svn.</msg>
</logentry>
</log>
