<?xml version="1.0" encoding="iso-8859-1"?>
<!-- generator="Movable Type/2.63" -->
<rss version="0.91">
  <channel>
    <title>Kenny Boy in Romania!</title>
    <link>http://www.lakemonsterculture.com/kennyboy/</link>
    <description>That&apos;s the trouble with losing your mind; by the time it&apos;s gone, it&apos;s too late to get it back.
~~~Bill Bryson </description>
    <language>en-us</language>
    <webMaster>kenbonneville@alum.ups.edu</webMaster>
    <pubDate>Sun, 14 Mar 2004 10:52:07 -0500</pubDate>
    <item>
      <title>Corruption in Romania...</title>
      <link>http://www.lakemonsterculture.com/kennyboy/archives/001201.html</link>
      <description>Cynics regarded everybody as equally corrupt... Idealists regarded everybody as equally corrupt, except themselves. Robert Anton Wilson This is a difficult subject that I have been shying away from writing about for some time. I come to it now only...</description>
    </item>
    <item>
      <title>Romania and the EU</title>
      <link>http://www.lakemonsterculture.com/kennyboy/archives/001100.html</link>
      <description> The day after Thanksgiving, I found myself having a few extra hours until my bus left Suceava. I was hungry; so, with my immediate family literally thousands of miles away I did what any god-fearing American would do: I...</description>
    </item>
    <item>
      <title>Christmas and Revolutions</title>
      <link>http://www.lakemonsterculture.com/kennyboy/archives/001099.html</link>
      <description>Merry Xmas to all and I have been told that it&amp;#8217;s been a while since my last post. I do have reasons for this. First, the end of the semester came up quickly and I now have so much more...</description>
    </item>
    <item>
      <title>Happy Halloween</title>
      <link>http://www.lakemonsterculture.com/kennyboy/archives/001013.html</link>
      <description> I know this may seem a bit belated; however it is time for yet another update. And as always, there&apos;s pics at community.webshots.com/user/kenbonneville take care Exactly two weeks before Halloween I was caught in one of those corners that...</description>
    </item>
    <item>
      <title>Idealism in Romania...the never ending battle</title>
      <link>http://www.lakemonsterculture.com/kennyboy/archives/001008.html</link>
      <description>&quot;I want to move.&quot; &quot;I want to go to America.&quot; &quot;I want to go to England.&quot; &quot;I want to go to Canada.&quot; &quot;I NEED TO LEAVE ROMANIA.&quot; These are the words I hear everyday, and I hear them a lot....</description>
    </item>
    <item>
      <title>Winter in Romania</title>
      <link>http://www.lakemonsterculture.com/kennyboy/archives/001002.html</link>
      <description> A few months before I ever set foot in Chicago or Romania with my fellow volunteers I met Gina, now another volunteer here in Romania, over AOL Instant Messenger. The first meeting entailed me sitting at my computer with...</description>
    </item>
    <item>
      <title>Teaching: One month in...</title>
      <link>http://www.lakemonsterculture.com/kennyboy/archives/001001.html</link>
      <description> I have been doing my job for four weeks now, and things are finally beginning to settle down it seems. My classes are pretty regular at this point and no longer do I encounter students just not showing up....</description>
    </item>
    <item>
      <title>The School&apos;s First Ball of the Year</title>
      <link>http://www.lakemonsterculture.com/kennyboy/archives/000992.html</link>
      <description> Surreal is defined as &amp;#8220;having the intense irrational reality of a dream&amp;#8221;, and since my time here in Romania I have witnessed and participated in uncounted examples of this definition. However, I think &amp;#8220;surreal&amp;#8221; may also be defined as:...</description>
    </item>
    <item>
      <title>Hiking a month ago in the hills around C-Lung</title>
      <link>http://www.lakemonsterculture.com/kennyboy/archives/000991.html</link>
      <description> Today I had made an actual set plan to go for a hike. I had studied my map of Campulung Moldovenesc, and made a plan of where I can get to one of the trailheads. Furthermore, I decided it...</description>
    </item>
    <item>
      <title>Habitat for Humanity</title>
      <link>http://www.lakemonsterculture.com/kennyboy/archives/000990.html</link>
      <description>This last weekend I had my first opportunity to get out of town and assist another volunteer nearby. Many of you are familiar with the organization Habitat for Humanity. I knew very little about the organization of before I left,...</description>
    </item>
    <item>
      <title>My first week as a teacher...</title>
      <link>http://www.lakemonsterculture.com/kennyboy/archives/000966.html</link>
      <description> I believe that it is safe to say that any American who walks into the Romanian school system without warning would easily be confused and frustrated. There appears to be little scheduled during the initial week and it is...</description>
    </item>
    <item>
      <title>Walking...</title>
      <link>http://www.lakemonsterculture.com/kennyboy/archives/000949.html</link>
      <description> Tonight I didn&amp;#8217;t feel much like reading, at least an hour ago I didn&amp;#8217;t feel much like it. My plan was to go get something to drink and then head over to my counterpart&amp;#8217;s home to hang out and...</description>
    </item>
    <item>
      <title>PICTURES!!!</title>
      <link>http://www.lakemonsterculture.com/kennyboy/archives/000948.html</link>
      <description>Hi everyone, just a short note...I know have internet in my apartment, and can therefore post pics online. More will be added in the coming days; however, here&apos;s a few just to start. Take care, ken http://community.webshots.com/user/kenbonneville...</description>
    </item>
    <item>
      <title>Adventures in Cooking:  Part 1</title>
      <link>http://www.lakemonsterculture.com/kennyboy/archives/000935.html</link>
      <description>The Self-Actualization of my Deficiencies Well I have currently been at site for going on my third day now, and have successfully cooked for myself all three of these days (not once have I set foot in a restaurant as...</description>
    </item>
    <item>
      <title>I&apos;m all moved in</title>
      <link>http://www.lakemonsterculture.com/kennyboy/archives/000931.html</link>
      <description>Two days ago I, Kenneth John Bonneville III, officially was sworn in as a volunteer for the United States Peace Corps. Sorry about such a formal opening, but I felt the event deserved a proper description that one should be...</description>
    </item>

  </channel>
</rss>